iata_code,municipality,local_region,region_name
AAF,Los Angeles,CA,California
ABE,Chicago,IL,Illinois
ABI,New York,NY,New York
ABL,Atlanta,GA,Georgia
ABQ,San Francisco,CA,California
ABR,Newark,NJ,New Jersey
ABY,Dallas-Fort Worth,TX,Texas
ACB,Las Vegas,NV,Nevada
ACK,Orlando,FL,Florida
ACT,Denver,CO,Colorado
ACV,Dulles,VA,Virginia
ACY,New York,NY,New York
ADG,Miami,FL,Florida
ADK,Phoenix,AZ,Arizona
ADM,Seattle,WA,Washington
ADQ,Boston,MA,Massachusetts
ADR,Philadelphia,PA,Pennsylvania
ADS,Charlotte,NC,North Carolina
ADT,Houston,TX,Texas
ADW,Washington,DC,District of Columbia
AEL,Detroit,MI,Michigan
AET,Minneapolis,MN,Minnesota
AEX,Salt Lake City,UT,Utah
AFF,Fort Lauderdale,FL,Florida
AFN,Chicago,IL,Illinois
AFO,Baltimore,MD,Maryland
AFW,San Diego,CA,California
AGC,St Louis,MO,Missouri
AGN,Honolulu,HI,Hawaii
AGO,Portland,OR,Oregon
AGS,New Orleans,LA,Louisiana
AHC,Tampa,FL,Florida
AHD,Nashville,TN,Tennessee
AHF,Cincinnati / Covington,KY,Kentucky
AHH,Austin,TX,Texas
AHM,Raleigh/Durham,NC,North Carolina
AHN,Pittsburgh,PA,Pennsylvania
AIA,San Antonio,TX,Texas
AID,San Jose,CA,California
AIK,Kansas City,MO,Missouri
AIN,Oakland,CA,California
AIO,Santa Ana,CA,California
AIV,Memphis,TN,Tennessee
AIZ,Cleveland,OH,Ohio
AKB,Houston,TX,Texas
AKC,Dallas,TX,Texas
AKI,Indianapolis,IN,Indiana
AKK,Albuquerque,NM,New Mexico
AKN,Columbus,OH,Ohio
AKO,Milwaukee,WI,Wisconsin
AKP,Tucson,AZ,Arizona
ALB,Jacksonville,FL,Florida
ALE,Buffalo,NY,New York
ALI,Hartford,CT,Connecticut
ALM,Anchorage,AK,Alaska
ALN,Oklahoma City,OK,Oklahoma
ALO,Kahului,HI,Hawaii
ALS,Sacramento,CA,California
ALW,Burbank,CA,California
ALX,Charleston,SC,South Carolina
ALZ,Omaha,NE,Nebraska
AMA,West Palm Beach,FL,Florida
AMK,Louisville,KY,Kentucky
AMN,Reno,NV,Nevada
AMW,Warwick,RI,Rhode Island
ANB,El Paso,TX,Texas
ANC,Norfolk,VA,Virginia
AND,Richmond,VA,Virginia
ANI,Savannah,GA,Georgia
ANN,Long Beach,CA,California
ANP,Birmingham,AL,Alabama
ANQ,Fort Myers,FL,Florida
ANV,Kailua-Kona,HI,Hawaii
ANW,Albany,NY,New York
ANY,Boise,ID,Idaho
AOH,White Plains,NY,New York
AOO,Ontario,CA,California
AOS,Syracuse,NY,New York
APA,Wichita,KS,Kansas
APC,Des Moines,IA,Iowa
APF,Grand Rapids,MI,Michigan
APG,Rochester,NY,New York
APH,Oshkosh,WI,Wisconsin
APN,Dayton,OH,Ohio
APT,Spokane,WA,Washington
APV,Tulsa,OK,Oklahoma
AQY,Portland,ME,Maine
ARA,Colorado Springs,CO,Colorado
ARB,Madison,WI,Wisconsin
ARC,Little Rock,AR,Arkansas
ARG,Manchester,NH,New Hampshire
ART,Alcoa,TN,Tennessee
ARV,South Burlington,VT,Vermont
ASE,Palm Springs,CA,California
ASH,Santa Barbara,CA,California
ASL,Lihue,HI,Hawaii
ASN,Greer,SC,South Carolina
ASQ,Key West,FL,Florida
AST,Lexington,KY,Kentucky
ASX,Pensacola,FL,Florida
ASY,Tallahassee,FL,Florida
ATE,Greensboro,NC,North Carolina
ATK,Sarasota/Bradenton,FL,Florida
ATL,Rapid City,SD,South Dakota
ATO,Seattle,WA,Washington
ATS,Teterboro,NJ,New Jersey
ATT,Monterey,CA,California
ATU,Asheville,NC,North Carolina
ATW,Daytona Beach,FL,Florida
ATY,Pinellas Park,FL,Florida
AUG,Orlando,FL,Florida
AUK,Akron,OH,Ohio
AUM,Bangor,ME,Maine
AUN,Columbia,SC,South Carolina
AUO,Harrisburg,PA,Pennsylvania
AUS,Las Vegas,NV,Nevada
AUW,Charlottesville,VA,Virginia
AUZ,Myrtle Beach,SC,South Carolina
AVL,Huntsville,AL,Alabama
AVO,Lubbock,TX,Texas
AVP,Chattanooga,TN,Tennessee
AVW,Fresno,CA,California
AVX,Jackson,WY,Wyoming
AWM,Fort Lauderdale,FL,Florida
AXB,Van Nuys,CA,California
AXG,Green Bay,WI,Wisconsin
AXN,Hilo,HI,Hawaii
AXS,Santa Fe,NM,New Mexico
AXV,Denver,CO,Colorado
AXX,Atlanta,GA,Georgia
AYS,Orlando,FL,Florida
AZA,Fort Wayne,IN,Indiana
AZO,South Bend,IN,Indiana
BAB,Springfield,MO,Missouri
BAD,San Diego,CA,California
BAF,Amarillo,TX,Texas
BAM,San Luis Obispo,CA,California
BBB,Bellingham,WA,Washington
BBC,Fairbanks,AK,Alaska
BBD,Santa Monica,CA,California
BBW,Orlando,FL,Florida
BBX,Billings,MT,Montana
BCB,New Orleans,LA,Louisiana
BCC,Camarillo,CA,California
BCE,Gainesville,FL,Florida
BCS,Sioux Falls,SD,South Dakota
BCT,Cedar Rapids,IA,Iowa
BDE,Fargo,ND,North Dakota
BDF,Newburgh,NY,New York
BDG,Scottsdale,AZ,Arizona
BDL,Sedona,AZ,Arizona
BDR,Eugene,OR,Oregon
BDX,Wilmington,NC,North Carolina
BDY,Islip,NY,New York
BEC,Roanoke,VA,Virginia
BED,Carlsbad,CA,California
BEH,Lakeland,FL,Florida
BET,Bozeman,MT,Montana
BFD,Duluth,MN,Minnesota
BFF,Lincoln,NE,Nebraska
BFG,Midland,TX,Texas
BFI,Everett,WA,Washington
BFK,Naples,FL,Florida
BFL,Allentown,PA,Pennsylvania
BFM,Mobile,AL,Alabama
BFP,Fayetteville/Springdale/Rogers,AR,Arkansas
BFR,Aspen,CO,Colorado
BFT,Santa Rosa,CA,California
BGD,Bedford,MA,Massachusetts
BGE,Melbourne,FL,Florida
BGM,Sacramento,CA,California
BGQ,Napa,CA,California
BGR,Baton Rouge,LA,Louisiana
BGT,Jackson,MS,Mississippi
BHB,Miami,FL,Florida
BHM,St Augustine,FL,Florida
BID,Corpus Christi,TX,Texas
BIE,Lansing,MI,Michigan
BIF,Rochester,MN,Minnesota
BIG,Kansas City,MO,Missouri
BIH,Cincinnati,OH,Ohio
BIL,Missoula,MT,Montana
BIS,Wilkes-Barre/Scranton,PA,Pennsylvania
BIX,Concord,CA,California
BJC,San Carlos,CA,California
BJI,Palo Alto,CA,California
BJJ,Dallas,TX,Texas
BKC,Nantucket,MA,Massachusetts
BKD,Prescott,AZ,Arizona
BKE,Las Vegas,NV,Nevada
BKF,Charleston,WV,West Virginia
BKG,Bismarck,ND,North Dakota
BKH,Newport News,VA,Virginia
BKL,Grand Junction,CO,Colorado
BKT,Portsmouth,NH,New Hampshire
BKW,Hilton Head Island,SC,South Carolina
BKX,Martha's Vineyard,MA,Massachusetts
BLD,Watsonville,CA,California
BLF,Flagstaff,AZ,Arizona
BLH,Flint,MI,Michigan
BLI,Vero Beach,FL,Florida
BLM,Livermore,CA,California
BLU,Grand Canyon - Tusayan,AZ,Arizona
BLV,Great Falls,MT,Montana
BMC,Medford,OR,Oregon
BMG,Toledo,OH,Ohio
BMI,Traverse City,MI,Michigan
BML,Mesa,AZ,Arizona
BMT,Yuma,AZ,Arizona
BMX,Paso Robles,CA,California
BNA,Avalon,CA,California
BNF,Augusta,GA,Georgia
BNG,Blountville,TN,Tennessee
BNH,Fort Worth,TX,Texas
BNL,Peoria,IL,Illinois
BNO,Pueblo,CO,Colorado
BNW,Hayward,CA,California
BOI,Eagle,CO,Colorado
BOK,Evansville,IN,Indiana
BOS,Kalamazoo,MI,Michigan
BOW,St George,UT,Utah
BPI,Casper,WY,Wyoming
BPT,Ewing Township,NJ,New Jersey
BQK,Appleton,WI,Wisconsin
BQV,Bloomington/Normal,IL,Illinois
BRD,Gulfport,MS,Mississippi
BRL,Montgomery,AL,Alabama
BRO,Savoy,IL,Illinois
BRW,Valparaiso,FL,Florida
BRY,Ithaca,NY,New York
BSF,Cleveland,OH,Ohio
BSQ,Farmingdale,NY,New York
BSW,Juneau,AK,Alaska
BTF,Shreveport,LA,Louisiana
BTI,Bakersfield,CA,California
BTL,South Lake Tahoe,CA,California
BTM,Phoenix,AZ,Arizona
BTN,Atlantic City,NJ,New Jersey
BTP,College Station,TX,Texas
BTR,Groton,CT,Connecticut
BTT,Columbus,OH,Ohio
BTV,Miami,FL,Florida
BTY,McAllen,TX,Texas
BUB,Page,AZ,Arizona
BUF,Hartford,CT,Connecticut
BUM,Houston,TX,Texas
BUR,Mesa,AZ,Arizona
BVO,San Diego/El Cajon,CA,California
BVU,Elmira/Corning,NY,New York
BVX,Fort Smith,AR,Arkansas
BVY,Idaho Falls,ID,Idaho
BWC,La Crosse,WI,Wisconsin
BWD,Moline,IL,Illinois
BWG,Santa Maria,CA,California
BWI,Bullhead City,AZ,Arizona
BWL,Fort Pierce,FL,Florida
BWM,Vacaville,CA,California
BXA,Kalispell,MT,Montana
BXK,New Haven,CT,Connecticut
BXS,Waco,TX,Texas
BYA,Marathon,FL,Florida
BYG,San Jose,CA,California
BYH,Cheyenne,WY,Wyoming
BYI,Chicago/Rockford,IL,Illinois
BYS,Hyannis,MA,Massachusetts
BYW,San Angelo,TX,Texas
BZF,Denver,CO,Colorado
BZN,State College,PA,Pennsylvania
BZT,Portland,OR,Oregon
CAD,Dallas,TX,Texas
CAE,Bridgeport,CT,Connecticut
CAK,Abilene,TX,Texas
CAO,Friday Harbor,WA,Washington
CAR,Lake Havasu City,AZ,Arizona
CBE,Punta Gorda,FL,Florida
CBF,Chicago/Prospect Heights/Wheeling,IL,Illinois
CBK,Jacksonville,FL,Florida
CBM,Oxnard,CA,California
CCB,Chandler,AZ,Arizona
CCD,Half Moon Bay,CA,California
CCG,Kill Devil Hills,NC,North Carolina
CCR,Ocala,FL,Florida
CCY,Torrance,CA,California
CDB,Tracy,CA,California
CDC,Athens,GA,Georgia
CDH,Lancaster,PA,Pennsylvania
CDK,St Louis,MO,Missouri
CDL,Truckee,CA,California
CDN,Poughkeepsie,NY,New York
CDR,Atlanta,GA,Georgia
CDS,Big Bear,CA,California
CDV,Frederick,MD,Maryland
CDW,Oklahoma City,OK,Oklahoma
CEA,Cedar City,UT,Utah
CEC,Grand Forks,ND,North Dakota
CEF,Modesto,CA,California
CEM,Redding,CA,California
CEU,Niagara Falls,NY,New York
CEV,Ogden,UT,Utah
CEW,Morristown,NJ,New Jersey
CEX,Fort Myers,FL,Florida
CEY,Palm Springs,CA,California
CEZ,Columbia,CA,California
CFD,Fullerton,CA,California
CFT,Manassas,VA,Virginia
CFV,Petaluma,CA,California
CGA,Columbia,MO,Missouri
CGE,Erie,PA,Pennsylvania
CGF,Fayetteville,NC,North Carolina
CGI,Salina,KS,Kansas
CGS,Durango,CO,Colorado
CGZ,Chicago/West Chicago,IL,Illinois
CHA,Caldwell,NJ,New Jersey
CHK,Minneapolis,MN,Minnesota
CHL,Renton,WA,Washington
CHO,Springfield,IL,Illinois
CHP,Detroit,MI,Michigan
CHS,Detroit,MI,Michigan
CHU,Galveston,TX,Texas
CHZ,St Simons Island,GA,Georgia
CIC,Batavia,OH,Ohio
CID,Murrieta,CA,California
CIG,Stuart,FL,Florida
CIK,Brownsville,TX,Texas
CIL,Pasco,WA,Washington
CIN,Worcester,MA,Massachusetts
CIR,Destin,FL,Florida
CIU,Sacramento,CA,California
CIV,Stockton,CA,California
CKA,Keene,NH,New Hampshire
CKB,San Diego,CA,California
CKD,Auburn,CA,California
CKE,Lawrenceville,GA,Georgia
CKK,Leadville,CO,Colorado
CKM,Lebanon,NH,New Hampshire
CKN,Lynchburg,VA,Virginia
CKR,Redmond,OR,Oregon
CKU,Roswell,NM,New Mexico
CKV,Panama City Beach,FL,Florida
CKX,Kingman,AZ,Arizona
CLD,Pontiac,MI,Michigan
CLE,Chino,CA,California
CLG,Coalinga,CA,California
CLI,Venice,FL,Florida
CLK,Winter Haven,FL,Florida
CLL,Minot,ND,North Dakota
CLM,Tyler,TX,Texas
CLP,Williamsport,PA,Pennsylvania
CLR,Wilmington,DE,Delaware
CLS,Philadelphia,PA,Pennsylvania
CLT,Provo,UT,Utah
CLU,Westfield,MA,Massachusetts
CLW,Atlanta,GA,Georgia
CMH,New Century,KS,Kansas
CMI,Novato,CA,California
CMX,Tucson,AZ,Arizona
CMY,Harlingen,TX,Texas
CNE,Helena,MT,Montana
CNH,Longview,TX,Texas
CNK,Monroe,LA,Louisiana
CNM,Merced,CA,California
CNO,Titusville,FL,Florida
CNU,Blythe,CA,California
CNW,Louisville,KY,Kentucky
CNY,Casa Grande,AZ,Arizona
COA,Johns Island,SC,South Carolina
COD,Laconia / Gilford,NH,New Hampshire
COE,Hot Springs,AR,Arkansas
COF,Lafayette,LA,Louisiana
COI,Laredo,TX,Texas
COM,Saginaw,MI,Michigan
CON,Hawthorne,CA,California
COP,Glens Falls,NY,New York
COS,Riverside,CA,California
COT,Houston,TX,Texas
COU,Tulsa,OK,Oklahoma
CPM,Chico,CA,California
CPR,Georgetown,TX,Texas
CPS,Provincetown,MA,Massachusetts
CRE,Binghamton,NY,New York
CRG,Sacramento,CA,California
CRO,Loveland,CO,Colorado
CRP,Norwood,MA,Massachusetts
CRS,Red Bluff,CA,California
CRT,Nashua,NH,New Hampshire
CRW,Arcata/Eureka,CA,California
CRX,Columbus,OH,Ohio
CSE,Dubuque,IA,Iowa
CSG,Eau Claire,WI,Wisconsin
CSM,Garden City,KS,Kansas
CSN,Latrobe,PA,Pennsylvania
CSQ,North Platte,NE,Nebraska
CSV,Salisbury,MD,Maryland
CTB,Sioux City,IA,Iowa
CTH,Pittsburgh,PA,Pennsylvania
CTK,Bar Harbor,ME,Maine
CTO,Bowling Green,KY,Kentucky
CTW,Salinas,CA,California
CTX,Mc Minnville,OR,Oregon
CTY,Lancaster,CA,California
CTZ,Wildwood,NJ,New Jersey
CUB,Byron,CA,California
CUH,Denton,TX,Texas
CUS,Janesville,WI,Wisconsin
CUX,Olathe,KS,Kansas
CVG,Pahokee,FL,Florida
CVN,Columbus,GA,Georgia
CVO,Manhattan,KS,Kansas
CVS,Saint Paul,MN,Minnesota
CWA,Imperial,CA,California
CWF,Moab,UT,Utah
CWI,Montrose,CO,Colorado
CWS,Weyers Cave,VA,Virginia
CWX,Coeur d'Alene,ID,Idaho
CXC,Block Island,RI,Rhode Island
CXF,Cahokia/St Louis,IL,Illinois
CXL,Lee's Summit,MO,Missouri
CXO,San Martin,CA,California
CYF,Elko,NV,Nevada
CYM,Wichita Falls,TX,Texas
CYS,Boulder City,NV,Nevada
CYT,Concord,NC,North Carolina
CZC,San Bernardino,CA,California
CZF,Tuscaloosa,AL,Alabama
CZK,Ukiah,CA,California
CZN,Boca Raton,FL,Florida
CZO,San Antonio,TX,Texas
CZP,Topeka,KS,Kansas
CZT,Dallas,TX,Texas
DAA,Marco Island,FL,Florida
DAB,Minden,NV,Nevada
DAG,Palm Coast,FL,Florida
DAL,Placerville,CA,California
DAN,Ramona,CA,California
DAY,St Petersburg,FL,Florida
DBN,Carlsbad,NM,New Mexico
DBQ,Fort Worth,TX,Texas
DBS,Paducah,KY,Kentucky
DCA,Rutland,VT,Vermont
DCK,Youngstown/Warren,OH,Ohio
DCU,Brainerd,MN,Minnesota
DDC,Lawrence,MA,Massachusetts
DEC,Concord,NH,New Hampshire
DEH,Greenville,SC,South Carolina
DEN,North Myrtle Beach,SC,South Carolina
DET,Visalia,CA,California
DFI,Brooksville,FL,Florida
DFW,Fond du Lac,WI,Wisconsin
DGL,Oceanside,CA,California
DGN,Payson,AZ,Arizona
DGW,Willows,CA,California
DHB,Alexandria,LA,Louisiana
DHN,Pocatello,ID,Idaho
DHT,Gwinn,MI,Michigan
DIK,Hutchinson,KS,Kansas
DIO,St Joseph,MO,Missouri
DJN,Bremerton,WA,Washington
DKK,Daggett,CA,California
DLF,Findlay,OH,Ohio
DLG,Winslow,AZ,Arizona
DLH,Apple Valley,CA,California
DLL,Bend,OR,Oregon
DLN,El Monte,CA,California
DLS,Fredericksburg,TX,Texas
DMA,Hollister,CA,California
DMN,La Verne,CA,California
DMO,Marana,AZ,Arizona
DNL,Panama City,FL,Florida
DNN,Meridian,MS,Mississippi
DNS,Reading,PA,Pennsylvania
DNV,Arlington,WA,Washington
DOV,Danbury,CT,Connecticut
DPA,Tacoma,WA,Washington
DPG,West Yellowstone,MT,Montana
DRA,Winston Salem,NC,North Carolina
DRE,Houston,TX,Texas
DRF,Muncie,IN,Indiana
DRG,Aurora,OR,Oregon
DRI,Beverly / Danvers,MA,Massachusetts
DRO,Leesburg,FL,Florida
DRT,San Marcos,TX,Texas
DRU,Wendover,UT,Utah
DSI,Ann Arbor,MI,Michigan
DSM,Brenham,TX,Texas
DSV,Indianapolis,IN,Indiana
DTA,Kerrville,TX,Texas
DTH,Mackinac Island,MI,Michigan
DTL,Minneapolis,MN,Minnesota
DTN,Nashville,TN,Tennessee
DTR,Rio Vista,CA,California
DTW,Grand Island,NE,Nebraska
DUA,Ketchikan,AK,Alaska
DUC,Klamath Falls,OR,Oregon
DUF,Waterloo,IA,Iowa
DUG,Eastsound,WA,Washington
DUJ,Hayden,CO,Colorado
DUT,Olympia,WA,Washington
DVL,Topeka,KS,Kansas
DVN,Mansfield,OH,Ohio
DVT,Arlington,TX,Texas
DWH,Borrego Springs,CA,California
DXE,Crystal River,FL,Florida
DXR,Easton,MD,Maryland
DYL,Mojave,CA,California
DYS,Oceano,CA,California
EAA,Okeechobee,FL,Florida
EAN,Pompano Beach,FL,Florida
EAR,Sevierville,TN,Tennessee
EAT,Urbana,OH,Ohio
EAU,Williamsburg,VA,Virginia
EBS,Huntington,WV,West Virginia
ECA,New Bedford,MA,Massachusetts
ECG,North Bend,OR,Oregon
ECP,Pierre,SD,South Dakota
ECS,Twin Falls,ID,Idaho
EDA,Merced,CA,California
EDE,Pullman,WA,Washington
EDF,Stillwater,OK,Oklahoma
EDK,West Lafayette,IN,Indiana
EDW,Gary,IN,Indiana
EED,Bakersfield,CA,California
EEK,Houston,TX,Texas
EEN,New Braunfels,TX,Texas
EFD,Montauk,NY,New York
EFK,Albuquerque,NM,New Mexico
EFW,Boulder,CO,Colorado
EGE,Chesapeake,VA,Virginia
EGI,Gulf Shores,AL,Alabama
EGP,Lawrence,KS,Kansas
EGV,Lincoln,CA,California
EGX,Mariposa,CA,California
EHM,Northampton,MA,Massachusetts
EIL,Peachtree City,GA,Georgia
EKA,Sanford,ME,Maine
EKI,Scappoose,OR,Oregon
EKN,Tillamook,OR,Oregon
EKO,Brunswick,GA,Georgia
EKX,Cape Girardeau,MO,Missouri
ELA,Dothan,AL,Alabama
ELD,Owensboro,KY,Kentucky
ELI,Pellston,MI,Michigan
ELK,Watertown,NY,New York
ELM,Hagerstown,MD,Maryland
ELN,Lewisburg,WV,West Virginia
ELP,Mosinee,WI,Wisconsin
ELV,Telluride,CO,Colorado
ELW,Astoria,OR,Oregon
ELY,Ardmore,OK,Oklahoma
ELZ,Auburn,AL,Alabama
EMK,Bermuda Dunes,CA,California
EMM,Burlington,WA,Washington
EMP,Cedar Key,FL,Florida
EMT,East Hampton,NY,New York
ENA,Grass Valley,CA,California
END,Hemet,CA,California
ENL,Jefferson City,MO,Missouri
ENN,Lakeport,CA,California
ENV,Leesburg,VA,Virginia
ENW,Longmont,CO,Colorado
EOK,Oxford,CT,Connecticut
EOS,Camp Springs,MD,Maryland
EPG,Aberdeen,SD,South Dakota
EPH,Beaumont/Port Arthur,TX,Texas
ERI,Florence,SC,South Carolina
ERR,Joplin,MO,Missouri
ERV,Rock Springs,WY,Wyoming
ESC,Saint Cloud,MN,Minnesota
ESD,Texarkana,AR,Arkansas
ESF,Springfield,OH,Ohio
ESN,Portland,OR,Oregon
ESO,Mammoth Lakes,CA,California
EST,Belmar/Farmingdale,NJ,New Jersey
ESW,Cameron Park,CA,California
ETB,Columbus,OH,Ohio
ETN,Corona,CA,California
ETS,Death Valley,CA,California
EUE,Fort Worth,TX,Texas
EUF,Lodi,CA,California
EUG,Mesquite,TX,Texas
EVM,Norman,OK,Oklahoma
EVV,Reno,NV,Nevada
EVW,Lake Charles,LA,Louisiana
EWB,Laramie,WY,Wyoming
EWK,Morgantown,WV,West Virginia
EWN,Muscle Shoals,AL,Alabama
EWR,San Antonio,TX,Texas
EXI,Anchorage,AK,Alaska
EYR,Baltimore,MD,Maryland
EYW,Hays,KS,Kansas
FAF,Lewiston,ID,Idaho
FAI,Mason City,IA,Iowa
FAK,Port Clinton,OH,Ohio
FAM,Bloomington,IN,Indiana
FAR,Smyrna,TN,Tennessee
FAT,Bryce Canyon,UT,Utah
FAY,Farmington,NM,New Mexico
FBG,Kenosha,WI,Wisconsin
FBK,Needles,CA,California
FBL,Bartow,FL,Florida
FBR,Fitchburg,MA,Massachusetts
FBS,Gainesville,GA,Georgia
FBY,Glendale,AZ,Arizona
FCA,Hollywood,FL,Florida
FCH,Hudson,NY,New York
FCM,Immokalee,FL,Florida
FCS,Millbrook,NY,New York
FCY,Montgomery,NY,New York
FDK,Pacoima,CA,California
FDR,Santa Paula,CA,California
FDY,Santa Ynez,CA,California
FEP,Sulphur Springs,TX,Texas
FET,Tampa,FL,Florida
FFA,Westhampton Beach,NY,New York
FFL,Albany,GA,Georgia
FFM,Hailey,ID,Idaho
FFO,Salem,OR,Oregon
FFT,Westerly,RI,Rhode Island
FHU,Hickory,NC,North Carolina
FID,Spokane,WA,Washington
FIL,Kankakee,IL,Illinois
FKL,Kinston,NC,North Carolina
FKN,Nogales,AZ,Arizona
FLD,Ponca City,OK,Oklahoma
FLG,Salt Lake City,UT,Utah
FLL,Brownwood,TX,Texas
FLO,Carson City,NV,Nevada
FLP,Cartersville,GA,Georgia
FLT,Chehalis,WA,Washington
FLV,Chicago/Schaumburg,IL,Illinois
FLX,Denver,CO,Colorado
FME,Gainesville,TX,Texas
FMH,Gaithersburg,MD,Maryland
FMN,Greeley,CO,Colorado
FMS,Iowa City,IA,Iowa
FMU,Manteo,NC,North Carolina
FMY,Ormond Beach,FL,Florida
FNL,Pawtucket,RI,Rhode Island
FNR,Sault Ste Marie,MI,Michigan
FNT,Shelter Cove,CA,California
FOB,Shreveport,LA,Louisiana
FOD,Snohomish,WA,Washington
FOE,West Palm Beach,FL,Florida
FOK,Wichita,KS,Kansas
FPR,Macon,GA,Georgia
FPY,New Bern,NC,North Carolina
FRD,Plattsburgh,NY,New York
FRG,Port Angeles,WA,Washington
FRH,Scottsbluff,NE,Nebraska
FRI,Bishop,CA,California
FRM,Gillette,WY,Wyoming
FRN,Muskegon,MI,Michigan
FRR,Terre Haute,IN,Indiana
FRY,Corvallis,OR,Oregon
FSD,Akron,OH,Ohio
FSI,Anderson,SC,South Carolina
FSK,Rome,NY,New York
FSM,Rome,GA,Georgia
FST,Tonopah,NV,Nevada
FSU,Chicago,IL,Illinois
FTK,Clemson,SC,South Carolina
FTW,Deland,FL,Florida
FTY,Delaware,OH,Ohio
FUL,Driggs,ID,Idaho
FWA,Georgetown,DE,Delaware
FWH,Heber,UT,Utah
FWL,Little River,CA,California
FXE,Osage Beach,MO,Missouri
FXY,Plymouth,MA,Massachusetts
FYM,Port Huron,MI,Michigan
FYU,Stow,MA,Massachusetts
FYV,Dubois,PA,Pennsylvania
GAB,Kirksville,MO,Missouri
GAD,Parkersburg (Williamstown),WV,West Virginia
GAG,Tupelo,MS,Mississippi
GAI,Valdosta,GA,Georgia
GAL,Yakima,WA,Washington
GAM,Alamosa,CO,Colorado
GBD,Battle Creek,MI,Michigan
GBG,Jackson,MI,Michigan
GBH,Marysville,CA,California
GBR,Mobile,AL,Alabama
GCC,Valparaiso,IN,Indiana
GCD,Del Rio,TX,Texas
GCK,Goodland,KS,Kansas
GCN,Logan,UT,Utah
GCT,Newport,OR,Oregon
GCW,Ames,IA,Iowa
GCY,Angwin,CA,California
GDC,Ashland,OR,Oregon
GDH,Benton Harbor,MI,Michigan
GDM,Bessemer,AL,Alabama
GDV,Calexico,CA,California
GDW,Coolidge,AZ,Arizona
GED,Cottonwood,AZ,Arizona
GEG,Davenport,IA,Iowa
GEY,Davis,CA,California
GFA,Davis/Woodland/Winters,CA,California
GFD,Emporia,KS,Kansas
GFK,Fallbrook,CA,California
GFL,Gila Bend,AZ,Arizona
GGE,Houston,TX,Texas
GGG,Houston,TX,Texas
GGW,Juneau,WI,Wisconsin
GHM,Knoxville,TN,Tennessee
GIF,La Belle,FL,Florida
GJT,Los Banos,CA,California
GKN,Luray,VA,Virginia
GKT,Mankato,MN,Minnesota
GLB,Merritt Island,FL,Florida
GLD,North Chesterfield,VA,Virginia
GLE,Oakdale,CA,California
GLH,Oroville,CA,California
GLR,Rockport,TX,Texas
GLS,Vancouver,WA,Washington
GLV,Wickenburg,AZ,Arizona
GLW,Woodland,CA,California
GMT,Burlington,IA,Iowa
GMU,Sitka,AK,Alaska
GMV,Greenville,NC,North Carolina
GNF,Hobbs,NM,New Mexico
GNG,Lawton,OK,Oklahoma
GNT,Richlands,NC,North Carolina
GNU,Riverside,CA,California
GNV,Temple,TX,Texas
GOK,Alton/St Louis,IL,Illinois
GOL,Crestview,FL,Florida
GON,Schenectady,NY,New York
GPT,Huntsville,TX,Texas
GPZ,Lufkin,TX,Texas
GQQ,Paris,TX,Texas
GRB,Newport,RI,Rhode Island
GRD,Cross City,FL,Florida
GRE,DeKalb,IL,Illinois
GRF,Goodyear,AZ,Arizona
GRI,Greenville,TX,Texas
GRK,Hanover,VA,Virginia
GRM,Hood River,OR,Oregon
GRN,Jekyll Island,GA,Georgia
GRR,Kingston,NY,New York
GSB,LaGrange,GA,Georgia
GSH,Lake City,FL,Florida
GSO,Nampa,ID,Idaho
GSP,Orange,MA,Massachusetts
GST,Paola,KS,Kansas
GTF,Pittsfield,MA,Massachusetts
GTG,San Andreas,CA,California
GTP,Schellville/Sonoma,CA,California
GTR,Sonoma,CA,California
GTY,Stephenville,TX,Texas
GUC,Suffolk,VA,Virginia
GUF,Williston,FL,Florida
GUP,Winchester,VA,Virginia
GUS,Butte,MT,Montana
GUY,Crescent City,CA,California
GVE,Dayton,OH,Ohio
GVL,Decatur,IL,Illinois
GVT,Jackson,TN,Tennessee
GWO,Liberal,KS,Kansas
GWS,Quincy,IL,Illinois
GWV,Sheridan,WY,Wyoming
GXY,Victoria,TX,Texas
GYR,Cody,WY,Wyoming
GYY,Gallup,NM,New Mexico
HAB,Gunnison,CO,Colorado
HAE,Las Cruces,NM,New Mexico
HAF,Marion,IL,Illinois
HAI,Vernal,UT,Utah
HAO,Wenatchee,WA,Washington
HAR,London,KY,Kentucky
HBB,North Kingstown,RI,Rhode Island
HBG,Anchorage,AK,Alaska
HBH,Dallesport / The Dalles,OR,Oregon
HBK,Deming,NM,New Mexico
HBR,Jacksonville,FL,Florida
HCA,Agua Dulce,CA,California
HCC,Baraboo,WI,Wisconsin
HCR,Bartlesville,OK,Oklahoma
HCW,Caldwell,ID,Idaho
HDE,Homestead,FL,Florida
HDH,Huntsville,AL,Alabama
HDN,Indianapolis,IN,Indiana
HED,Jeffersonville,IN,Indiana
HEE,La Junta,CO,Colorado
HES,Marion,OH,Ohio
HEY,Martinsville,VA,Virginia
HEZ,Monticello,NY,New York
HFD,Ocean City,MD,Maryland
HFF,Olive Branch,MS,Mississippi
HGR,Peach Springs,AZ,Arizona
HGT,Pittstown,NJ,New Jersey
HGZ,Porterville,CA,California
HHH,Seneca Falls,NY,New York
HHI,Southport,NC,North Carolina
HHR,Stevensville,MD,Maryland
HIB,Toccoa,GA,Georgia
HIE,Upland,CA,California
HIF,Victorville,CA,California
HII,Yerington,NV,Nevada
HIK,Columbus/W Point/Starkville,MS,Mississippi
HIO,Fairfield,CA,California
HKA,Fort Huachuca / Sierra Vista,AZ,Arizona
HKB,Jonesboro,AR,Arkansas
HKS,Kaunakakai,HI,Hawaii
HKY,Massena,NY,New York
HLB,Saranac Lake,NY,New York
HLC,Kearney,NE,Nebraska
HLG,McCall,ID,Idaho
HLI,Show Low,AZ,Arizona
HLM,Hoquiam,WA,Washington
HLN,San Diego,CA,California
HLR,Zanesville,OH,Ohio
HMN,Fayetteville,AR,Arkansas
HMT,Cleveland,OH,Ohio
HNB,Columbus,IN,Indiana
HNC,Ada,OK,Oklahoma
HNH,Lamar,CO,Colorado
HNL,Mesquite,NV,Nevada
HNM,Williston,ND,North Dakota
HNS,Banning,CA,California
HOB,Burlington,NC,North Carolina
HOM,Burnet,TX,Texas
HON,Clewiston,FL,Florida
HOP,Dayton,OH,Ohio
HOT,Delta,UT,Utah
HOU,Fresno,CA,California
HPB,Hamilton,OH,Ohio
HPN,Inyokern,CA,California
HPT,Kennett,MO,Missouri
HPV,Lake Placid,NY,New York
HPY,Llano,TX,Texas
HQM,Manville,NJ,New Jersey
HRL,Marina,CA,California
HRO,Marysville,OH,Ohio
HSB,Middleton,WI,Wisconsin
HSH,Midland,TX,Texas
HSI,Mineral Wells,TX,Texas
HSL,New Philadelphia,OH,Ohio
HSP,New Smyrna Beach,FL,Florida
HST,Newnan,GA,Georgia
HSV,Omaha,NE,Nebraska
HTH,Pflugerville,TX,Texas
HTL,Red Wing,MN,Minnesota
HTO,Rockwall,TX,Texas
HTS,Roseburg,OR,Oregon
HTV,Sebring,FL,Florida
HTW,Sikeston,MO,Missouri
HUA,Sunriver,OR,Oregon
HUD,Waycross,GA,Georgia
HUF,Winder,GA,Georgia
HUJ,Chicago,IL,Illinois
HUL,Belleville,IL,Illinois
HUM,Bridgeport,WV,West Virginia
HUS,Harrison,AR,Arkansas
HUT,Homer,AK,Alaska
HVE,McCook,NE,Nebraska
HVN,Anniston,AL,Alabama
HVR,Millville,NJ,New Jersey
HVS,Millington,TN,Tennessee
HWD,Andrews,NC,North Carolina
HWI,Bemidji,MN,Minnesota
HWO,Eureka,CA,California
HYA,Kelso,WA,Washington
HYG,Talkeetna,AK,Alaska
HYL,Wheeling,WV,West Virginia
HYR,Ankeny,IA,Iowa
HYS,Benton,KS,Kansas
HZL,Bentonville,AR,Arkansas
IAB,Boerne,TX,Texas
IAD,Brigham City,UT,Utah
IAG,Butler,MO,Missouri
IAH,Cambridge,MD,Maryland
IAN,Chester,CA,California
ICL,Chicago/Aurora,IL,Illinois
ICS,Clearwater,FL,Florida
ICT,Edgartown,MA,Massachusetts
ICY,Eloy,AZ,Arizona
IDA,Everglades,FL,Florida
IDG,Fernandina Beach,FL,Florida
IDH,Gadsden,AL,Alabama
IDI,Groveland,CA,California
IDP,Hammond,LA,Louisiana
IFA,Jaffrey,NH,New Hampshire
IFP,Jean,NV,Nevada
IGG,Marana,AZ,Arizona
IGM,Mexico,MO,Missouri
IJX,Monroe,NC,North Carolina
IKB,Pecos,TX,Texas
IKK,Port Aransas,TX,Texas
IKO,Riverside,CA,California
ILE,Rogers,AR,Arkansas
ILG,Sheboygan,WI,Wisconsin
ILI,Shelbyville,TN,Tennessee
ILL,Tampa,FL,Florida
ILM,Warsaw,IN,Indiana
ILN,Yellow Pine,ID,Idaho
IML,Zephyrhills,FL,Florida
IMM,Hancock,MI,Michigan
IMT,Jamestown,ND,North Dakota
IND,Miles City,MT,Montana
INK,Nome,AK,Alaska
INL,Presque Isle,ME,Maine
INS,Walla Walla,WA,Washington
INT,Dickinson,ND,North Dakota
INW,Escanaba,MI,Michigan
IOW,Las Vegas,NV,Nevada
IPL,Martinsburg,WV,West Virginia
IPT,Murphysboro,IL,Illinois
IRB,Mc Alester,OK,Oklahoma
IRC,Brunswick,ME,Maine
IRK,Fort Meade(Odenton),MD,Maryland
IRS,Fort Stockton,TX,Texas
ISM,Midlothian/Waxahachie,TX,Texas
ISO,Moses Lake,WA,Washington
ISP,San Diego,CA,California
ISQ,Winnemucca,NV,Nevada
ISS,Andover,NJ,New Jersey
ISW,Buckeye,AZ,Arizona
ITH,Canton,GA,Georgia
ITO,Carrollton,OH,Ohio
IUA,Chicago/Lake in the Hills,IL,Illinois
IWD,Chicago/Waukegan,IL,Illinois
IWS,Coatesville,PA,Pennsylvania
IYK,Colusa,CA,California
JAC,Compton,CA,California
JAN,Farmville,VA,Virginia
JAS,Franklin,CA,California
JAX,Fredericksburg,VA,Virginia
JBR,Grand Prairie,TX,Texas
JBT,Hawthorne,NV,Nevada
JCI,Jackson,CA,California
JCT,Kalispell,MT,Montana
JCY,Kernville,CA,California
JDA,Lancaster,TX,Texas
JDN,Lebanon,OR,Oregon
JEF,Lima,OH,Ohio
JFK,London,OH,Ohio
JFN,Maricopa,AZ,Arizona
JHM,Memphis,TN,Tennessee
JHW,Milford,UT,Utah
JID,Mount Pocono,PA,Pennsylvania
JKV,Oneonta,NY,New York
JLA,Petersburg,VA,Virginia
JLN,Port Townsend,WA,Washington
JMS,Pottstown,PA,Pennsylvania
JNU,Princeton/Rocky Hill,NJ,New Jersey
JOT,Put In Bay,OH,Ohio
JPN,Puyallup,WA,Washington
JRA,Sandusky,OH,Ohio
JRB,Sherman,TX,Texas
JRF,Shirley,NY,New York
JST,Springdale,AR,Arkansas
JVI,St Ignace,MI,Michigan
JVL,St Johns,AZ,Arizona
JXN,Steamboat Springs,CO,Colorado
KAE,Susanville,CA,California
KAL,Sussex,NJ,New Jersey
KBC,Tehachapi,CA,California
KBE,Thomaston,GA,Georgia
KBW,Tooele,UT,Utah
KCC,Vichy,MO,Missouri
KCG,Waukesha,WI,Wisconsin
KCL,West Palm Beach,FL,Florida
KCN,Wiley Ford,WV,West Virginia
KCQ,Alpena,MI,Michigan
KCR,Dodge City,KS,Kansas
KDK,El Dorado,AR,Arkansas
KEB,Greenville,MS,Mississippi
KEH,Hibbing,MN,Minnesota
KEK,International Falls,MN,Minnesota
KFP,Tacoma,WA,Washington
KGK,Rockland,ME,Maine
KGX,Danville,VA,Virginia
KGZ,Mountain View,CA,California
KIB,Augusta,GA,Georgia
KIC,Denison,TX,Texas
KIP,Elizabeth City,NC,North Carolina
KKA,Evanston,WY,Wyoming
KKB,Franklin,PA,Pennsylvania
KKH,Rifle,CO,Colorado
KKI,Aiken,SC,South Carolina
KKK,Ardmore,OK,Oklahoma
KKL,Auburn,WA,Washington
KKT,Auburn/Lewiston,ME,Maine
KKU,Austin,TX,Texas
KLG,Branson / Hollister,MO,Missouri
KLL,Burlington,KS,Kansas
KLN,California City,CA,California
KLS,Carrollton,GA,Georgia
KLW,Chicago/Romeoville,IL,Illinois
KMO,Colorado Springs,CO,Colorado
KMY,Dover/Cheswold,DE,Delaware
KNB,Elkhart,IN,Indiana
KNK,Guthrie,OK,Oklahoma
KNT,Harrisburg,PA,Pennsylvania
KNW,Healdsburg,CA,California
KOA,Hesperia,CA,California
KOT,Jesup,GA,Georgia
KOY,Kaiser Lake Ozark,MO,Missouri
KOZ,Lockhart,TX,Texas
KPB,Lumberton,NJ,New Jersey
KPC,Manzanita,OR,Oregon
KPN,Mena,AR,Arkansas
KPR,Minneapolis,MN,Minnesota
KPT,North Adams,MA,Massachusetts
KPV,Ontario County IDA,NY,New York
KPY,Ottawa,KS,Kansas
KQA,Plainview,TX,Texas
KSM,Pontiac,IL,Illinois
KTB,Rochester,NH,New Hampshire
KTH,Safford,AZ,Arizona
KTN,Sebastian,FL,Florida
KTS,Selinsgrove,PA,Pennsylvania
KUK,St Paul,MN,Minnesota
KVC,Tangier,VA,Virginia
KVL,Terrell,TX,Texas
KWF,Toms River,NJ,New Jersey
KWK,Twentynine Palms,CA,California
KWN,Chicopee,MA,Massachusetts
KWP,Dover,DE,Delaware
KWT,Fort Cavazos,TX,Texas
KXA,Kincheloe,MI,Michigan
KYK,Lanai City,HI,Hawaii
KYO,Branson,MO,Missouri
KYU,Riverton,WY,Wyoming
KZB,Alexandria,MN,Minnesota
LAA,Angleton,TX,Texas
LAF,Barre/Montpelier,VT,Vermont
LAL,Beaver Falls,PA,Pennsylvania
LAM,Burley,ID,Idaho
LAN,Durant,OK,Oklahoma
LAR,Junction,TX,Texas
LAS,Mountain Home,AR,Arkansas
LAW,Titusville,FL,Florida
LAX,Albany,OR,Oregon
LBB,Amarillo,TX,Texas
LBE,Apopka,FL,Florida
LBF,Batavia,NY,New York
LBL,Blacksburg,VA,Virginia
LBT,Bolingbrook,IL,Illinois
LCH,Bowling Green,OH,Ohio
LCI,Bridgeport,TX,Texas
LCK,Carthage,NC,North Carolina
LCQ,Chatham,MA,Massachusetts
LDJ,Chesapeake,VA,Virginia
LDM,Chiriaco Summit,CA,California
LEB,Cleburne,TX,Texas
LEE,Clinton,IA,Iowa
LEM,Cloverdale,CA,California
LEW,Custer,SD,South Dakota
LEX,Duluth,MN,Minnesota
LFI,Dunnellon,FL,Florida
LFK,Elizabethtown,KY,Kentucky
LFN,Erie,CO,Colorado
LFT,Excelsior Springs,MO,Missouri
LGA,Firebaugh,CA,California
LGB,Fort Scott,KS,Kansas
LGC,Frankfort,KY,Kentucky
LGD,Fredericksburg,VA,Virginia
LGF,Fulton,NY,New York
LGU,Gonzales,LA,Louisiana
LHV,Great Bend,KS,Kansas
LIC,Higginsville,MO,Missouri
LIH,Holbrook,AZ,Arizona
LIT,Hollister,CA,California
LIV,Independence,OR,Oregon
LIY,Indianapolis,IN,Indiana
LIZ,Indianapolis,IN,Indiana
LJN,King City,CA,California
LKE,Knox,IN,Indiana
LKK,Lakeview,AR,Arkansas
LKP,Lampasas,TX,Texas
LKV,Lincoln Park,NJ,New Jersey
LLX,Lorain/Elyria,OH,Ohio
LLY,Madera,CA,California
LMA,Melfa,VA,Virginia
LMS,Meriden,CT,Connecticut
LMT,Milledgeville,GA,Georgia
LNA,Moberly,MO,Missouri
LND,Murfreesboro,TN,Tennessee
LNI,Navasota,TX,Texas
LNK,Nephi,UT,Utah
LNN,Oljato-Monument Valley,UT,Utah
LNP,Orange,VA,Virginia
LNR,Owatonna,MN,Minnesota
LNS,Palatka,FL,Florida
LNY,Richfield,UT,Utah
LOL,Sandpoint,ID,Idaho
LOR,Sanford,NC,North Carolina
LOT,Saratoga Springs,NY,New York
LOU,Southbridge,MA,Massachusetts
LOW,Sparta,TN,Tennessee
LOZ,Toledo,OH,Ohio
LPC,Tracy,CA,California
LPO,Tullahoma,TN,Tennessee
LPS,Watertown,WI,Wisconsin
LQK,West Memphis,AR,Arkansas
LRD,Willoughby,OH,Ohio
LRF,Hana,HI,Hawaii
LRJ,Moselle,MS,Mississippi
LRU,Augusta,ME,Maine
LSB,Kenai,AK,Alaska
LSE,Thief River Falls,MN,Minnesota
LSF,Ottumwa,IA,Iowa
LSK,Pensacola,FL,Florida
LSN,Tucson,AZ,Arizona
LSV,Ashtabula,OH,Ohio
LTS,Dalhart,TX,Texas
LTW,Ely,NV,Nevada
LUF,Hattiesburg,MS,Mississippi
LUK,Jacksonville,FL,Florida
LUL,Las Vegas,NM,New Mexico
LUP,Norfolk,NE,Nebraska
LUR,Oxford,MS,Mississippi
LVD,Sidney,NE,Nebraska
LVK,Afton,WY,Wyoming
LVL,Annapolis,MD,Maryland
LVM,Bandon,OR,Oregon
LVS,Bluffton,OH,Ohio
LWB,Boonville,CA,California
LWC,Bridgeport,CA,California
LWL,Chandler,AZ,Arizona
LWM,Clinton,MO,Missouri
LWS,Coshocton,OH,Ohio
LWT,Culpeper,VA,Virginia
LWV,Dansville,NY,New York
LXN,Decatur,TX,Texas
LXV,East Haddam,CT,Connecticut
LYH,Ellensburg,WA,Washington
LYO,Franklin,VA,Virginia
LYU,Gardner,KS,Kansas
LZU,Georgetown,CA,California
MAC,Globe,AZ,Arizona
MAE,Goshen,IN,Indiana
MAF,Grand Canyon,AZ,Arizona
MAW,Grants Pass,OR,Oregon
MBG,Hamilton,NY,New York
MBL,Hampton,GA,Georgia
MBS,Hillsboro,OR,Oregon
MBY,Inverness,FL,Florida
MCB,Jackson,MS,Mississippi
MCC,Linden,NJ,New Jersey
MCD,Litchfield,IL,Illinois
MCE,Lone Pine,CA,California
MCF,Maple,NC,North Carolina
MCG,Markleeville,CA,California
MCI,Marshfield,MA,Massachusetts
MCK,Mount Vernon,OH,Ohio
MCL,Newark,OH,Ohio
MCN,Newton,KS,Kansas
MCO,Ocracoke,NC,North Carolina
MCW,Philadelphia,PA,Pennsylvania
MDA,Plainville,CT,Connecticut
MDD,Poplar Grove,IL,Illinois
MDF,Rancho Murieta,CA,California
MDH,Rosharon,TX,Texas
MDJ,Salida,CO,Colorado
MDN,Shacklefords,VA,Virginia
MDO,Shoal Township,MO,Missouri
MDT,Siler City,NC,North Carolina
MDW,South St Paul,MN,Minnesota
MEI,St Charles,MO,Missouri
MEJ,Talladega,AL,Alabama
MEM,Thomasville,PA,Pennsylvania
MEO,Tiffin,OH,Ohio
MER,Trinity Center,CA,California
MEV,Uvalde,TX,Texas
MFD,West Bend,WI,Wisconsin
MFE,Wichita Falls,TX,Texas
MFH,Altoona,PA,Pennsylvania
MFI,Bethel,AK,Alaska
MFR,Bradford,PA,Pennsylvania
MFV,Glasgow,MT,Montana
MGC,Johnstown,PA,Pennsylvania
MGE,Lahaina,HI,Hawaii
MGI,Rhinelander,WI,Wisconsin
MGJ,Utqiaġvik,AK,Alaska
MGM,Yakutat,AK,Alaska
MGR,Cortez,CO,Colorado
MGW,Rocky Mount,NC,North Carolina
MGY,Homestead,FL,Florida
MHE,Kapolei,HI,Hawaii
MHK,Palmer,AK,Alaska
MHL,Kekaha,HI,Hawaii
MHN,Livingston,MT,Montana
MHR,Lumberton,NC,North Carolina
MHS,Mary Esther,FL,Florida
MHT,Smithfield,NC,North Carolina
MHV,Ainsworth,NE,Nebraska
MIA,Allentown,PA,Pennsylvania
MIB,Athens,TX,Texas
MIC,Beckwourth,CA,California
MIE,Bellefontaine,OH,Ohio
MIF,Blairstown,NJ,New Jersey
MIO,Blairsville,GA,Georgia
MIQ,Boonville,MO,Missouri
MIT,Burlington,WI,Wisconsin
MIV,Butler,PA,Pennsylvania
MIW,Chester,CT,Connecticut
MJQ,Council Bluffs,IA,Iowa
MJX,Covington,GA,Georgia
MKA,Danville,IL,Illinois
MKC,Dauphin Island,AL,Alabama
MKE,Dayton,OH,Ohio
MKG,Daytona Beach,FL,Florida
MKK,Enid,OK,Oklahoma
MKL,Fulton,MO,Missouri
MKO,Galesburg,IL,Illinois
MKT,Grain Valley,MO,Missouri
MLB,Greenville,SC,South Carolina
MLC,Gustine,CA,California
MLD,Hampton,NH,New Hampshire
MLF,Harrisonville,MO,Missouri
MLI,Holland,MI,Michigan
MLJ,Horseshoe Bay,TX,Texas
MLK,Hot Springs,VA,Virginia
MLL,Independence,KS,Kansas
MLS,Jasper,GA,Georgia
MLT,Lago Vista,TX,Texas
MLU,Lebanon,TN,Tennessee
MLY,Lee Vining,CA,California
MMH,Lodi,CA,California
MMI,Louisa,VA,Virginia
MML,Macon,GA,Georgia
MMN,Malad City,ID,Idaho
MMS,Manti,UT,Utah
MMT,Marshall,MO,Missouri
MMU,Middletown,OH,Ohio
MNM,Montague,CA,California
MNN,Moultrie,GA,Georgia
MNT,Natchez,MS,Mississippi
MNZ,Newburyport,MA,Massachusetts
MOB,North Windham,CT,Connecticut
MOD,Parker,AZ,Arizona
MOP,Penn Yan,NY,New York
MOR,Perry,FL,Florida
MOS,Plant City,FL,Florida
MOT,Poplar Bluff,MO,Missouri
MOU,Port Isabel,TX,Texas
MOX,Quincy,CA,California
MPB,Richmond,IN,Indiana
MPJ,Ridgely,MD,Maryland
MPO,Rochester,IN,Indiana
MPR,Rock Falls,IL,Illinois
MPS,Rosamond,CA,California
MPV,Saluda,VA,Virginia
MPZ,Sedalia,MO,Missouri
MQB,Shelton,WA,Washington
MQT,Sidney,OH,Ohio
MQW,Somerville,NJ,New Jersey
MQY,Taylor,TX,Texas
MRB,Wapakoneta,OH,Ohio
MRC,West Milford,NJ,New Jersey
MRF,Westminster,MD,Maryland
MRI,Whitehouse Station,NJ,New Jersey
MRK,York,NE,Nebraska
MRN,Beaver,WV,West Virginia
MRY,Fort Dodge,IA,Iowa
MSC,Huron,SD,South Dakota
MSL,Kotzebue,AK,Alaska
MSN,Lewistown,MT,Montana
MSO,Clovis,NM,New Mexico
MSP,Ogdensburg,NY,New York
MSS,Corpus Christi,TX,Texas
MSV,Burns,OR,Oregon
MSY,Hayward,WI,Wisconsin
MTC,Jamestown,NY,New York
MTH,Lovelock,NV,Nevada
MTJ,New Richmond,WI,Wisconsin
MTM,Pine Bluff,AR,Arkansas
MTN,Rawlins,WY,Wyoming
MTO,Somerset,KY,Kentucky
MTP,Wasilla,AK,Alaska
MTW,Wink,TX,Texas
MTX,Mokuleia,HI,Hawaii
MUE,Anacortes,WA,Washington
MUI,Albemarle,NC,North Carolina
MUL,Arcadia,FL,Florida
MUO,Battle Mountain,NV,Nevada
MUT,Beaufort,NC,North Carolina
MVC,Beaufort,SC,South Carolina
MVE,Bennington,VT,Vermont
MVL,Bountiful,UT,Utah
MVM,Buena Vista,CO,Colorado
MVN,Calhoun,GA,Georgia
MVW,Cedartown,GA,Georgia
MVY,Chickasha,OK,Oklahoma
MWA,Circleville,OH,Ohio
MWC,Coalinga,CA,California
MWH,Coldwater,MI,Michigan
MWL,College Park,MD,Maryland
MWM,Cornelia,GA,Georgia
MWO,Cortland,NY,New York
MXA,Crawfordsville,IN,Indiana
MXC,Dallas,GA,Georgia
MXE,Dalton,GA,Georgia
MXF,Death Valley,CA,California
MXO,Dublin,VA,Virginia
MXY,Erwin,NC,North Carolina
MYF,Faribault,MN,Minnesota
MYH,Franklin,NC,North Carolina
MYK,Gardner,MA,Massachusetts
MYL,Gleneden Beach,OR,Oregon
MYR,Granbury,TX,Texas
MYU,Grand Rapids,MN,Minnesota
MYV,Great Barrington,MA,Massachusetts
MZJ,Greencastle,IN,Indiana
MZZ,Gualala,CA,California
NBG,Hazleton,PA,Pennsylvania
NCN,Houston,TX,Texas
NCO,Houston,TX,Texas
NEL,Jacksonville,TX,Texas
NEN,Kanab,UT,Utah
NEW,Kent,WA,Washington
NFL,La Grange,TX,Texas
NGF,La Porte,TX,Texas
NGP,Lake Charles,LA,Louisiana
NGU,Lake Wales,FL,Florida
NGW,Lakeview,OR,Oregon
NHK,Liberty,MO,Missouri
NHX,Lordsburg,NM,New Mexico
NHZ,Louisburg,NC,North Carolina
NIB,Madison,IN,Indiana
NIN,Madras,OR,Oregon
NIP,Manitowoc,WI,Wisconsin
NIR,Marble Canyon,AZ,Arizona
NJK,Mexia,TX,Texas
NKI,Miami,FL,Florida
NKX,Midland,VA,Virginia
NLC,Minneapolis,MN,Minnesota
NLE,Mitchell,SD,South Dakota
NLG,Monroe,WI,Wisconsin
NLN,Morris,IL,Illinois
NME,Mount Pleasant,TX,Texas
NNK,Nevada,MO,Missouri
NNL,Ocean Shores,WA,Washington
NOT,Perris,CA,California
NPA,Pine Mountain,GA,Georgia
NPH,Pomona,MO,Missouri
NPT,Portage,WI,Wisconsin
NQA,Portsmouth,OH,Ohio
NQI,Ravenna,OH,Ohio
NQX,Redlands,CA,California
NRB,Rexburg,ID,Idaho
NRI,Rice Lake,WI,Wisconsin
NRS,Sierraville,CA,California
NSE,Smithville,TX,Texas
NSL,Spanish Fork,UT,Utah
NTD,Springfield,MO,Missouri
NTJ,St Louis,MO,Missouri
NTU,Sturgeon Bay,WI,Wisconsin
NUI,Superior,WI,Wisconsin
NUL,Tappahannock,VA,Virginia
NUP,Troy,MI,Michigan
NUQ,Van Wert,OH,Ohio
NUW,Wadsworth,OH,Ohio
NVD,Walnut Ridge,AR,Arkansas
NVN,Walterboro,SC,South Carolina
NWH,Wauchula,FL,Florida
NYG,Wauseon,OH,Ohio
NYS,Weed,CA,California
NZY,Willcox,AZ,Arizona
OAJ,Willits,CA,California
OAK,Willmar,MN,Minnesota
OAR,Wonder Lake,IL,Illinois
OBE,Wooster,OH,Ohio
OBU,Anchorage,AK,Alaska
OCA,Winter Haven,FL,Florida
OCE,Denver,CO,Colorado
OCF,Kodiak,AK,Alaska
OCH,Marietta,GA,Georgia
OCN,Palmdale,CA,California
OCW,Tampa,FL,Florida
ODC,Wichita,KS,Kansas
ODM,Northway,AK,Alaska
ODT,Valdez,AK,Alaska
ODW,Greenwood,MS,Mississippi
OEA,Jacksonville,AR,Arkansas
OEO,Birchwood,AK,Alaska
OFF,Cut Bank,MT,Montana
OFK,Douglas Bisbee,AZ,Arizona
OGA,El Centro,CA,California
OGB,Redwood Falls,MN,Minnesota
OGD,Valentine,NE,Nebraska
OGG,Charlevoix,MI,Michigan
OGS,Abingdon,VA,Virginia
OIC,Albany,OH,Ohio
OJC,Alma,GA,Georgia
OKC,Anchorage,AK,Alaska
OKK,Anderson,IN,Indiana
OKM,Apalachicola,FL,Florida
OKS,Asheboro,NC,North Carolina
OLD,Augusta,KS,Kansas
OLE,Beaumont,TX,Texas
OLF,Bolivar,MO,Missouri
OLH,Brawley,CA,California
OLM,Bryan,OH,Ohio
OLS,Carlisle,PA,Pennsylvania
OLU,Castroville,TX,Texas
OLV,Chillicothe,MO,Missouri
OLY,Corsicana,TX,Texas
OMA,Creswell,OR,Oregon
OME,Cullman,AL,Alabama
OMK,Defiance,OH,Ohio
ONA,Detroit Lakes,MN,Minnesota
ONH,Edinburg,TX,Texas
ONL,El Dorado,KS,Kansas
ONM,Eufaula,AL,Alabama
ONO,Falls City,NE,Nebraska
ONP,Fish Creek,WI,Wisconsin
ONT,Fort Worth,TX,Texas
ONY,Front Royal,VA,Virginia
OOA,Georgetown,KY,Kentucky
OOK,Giddings,TX,Texas
OPF,Glenwood Springs,CO,Colorado
OPL,Greensboro,GA,Georgia
ORD,Griffin,GA,Georgia
ORF,Grinnell,IA,Iowa
ORH,Hatteras,NC,North Carolina
ORI,Hazen,ND,North Dakota
ORL,Jacksonville,FL,Florida
ORT,Ketchum,ID,Idaho
ORV,Lebanon,OH,Ohio
OSB,Littlefield,AZ,Arizona
OSC,Livingston,TX,Texas
OSH,Malabar,FL,Florida
OSU,Mansfield,MA,Massachusetts
OSX,Marshfield,WI,Wisconsin
OTG,Maryville,MO,Missouri
OTH,Milton,FL,Florida
OTK,Milwaukee,WI,Wisconsin
OTM,Moncks Corner,SC,South Carolina
OTN,Montague,CA,California
OTS,Morganton,NC,North Carolina
OTZ,Moundsville,WV,West Virginia
OUN,Mount Pleasant,SC,South Carolina
OVE,Oak Harbor,WA,Washington
OWA,Ocean City,NJ,New Jersey
OWB,Ocean Isle Beach,NC,North Carolina
OWD,Odessa,TX,Texas
OWK,Palacios,TX,Texas
OXC,Park Rapids,MN,Minnesota
OXD,Pascagoula,MS,Mississippi
OXR,Pell City,AL,Alabama
OZA,Pickens,SC,South Carolina
OZR,Pikeville,NC,North Carolina
PAE,Pittsburg,KS,Kansas
PAH,Pleasanton,TX,Texas
PAK,Princeton,MN,Minnesota
PAM,Rantoul,IL,Illinois
PAO,Rutherfordton,NC,North Carolina
PAQ,Salem,OH,Ohio
PBF,Searcy,AR,Arkansas
PBG,Smoketown,PA,Pennsylvania
PBI,Spearfish,SD,South Dakota
PCA,Spencer,IA,Iowa
PCD,Spring Green,WI,Wisconsin
PCT,Starkville,MS,Mississippi
PCU,Stevens Point,WI,Wisconsin
PDB,Sturgis,MI,Michigan
PDK,Summerville,SC,South Carolina
PDT,Susanville,CA,California
PDX,Taylorville,IL,Illinois
PEC,Thomasville,GA,Georgia
PEQ,Waco,TX,Texas
PFC,Warrensburg,MO,Missouri
PGA,Waterville,ME,Maine
PGC,Wilkes-Barre,PA,Pennsylvania
PGD,Williamson/Sodus,NY,New York
PGL,Cocoa Beach,FL,Florida
PGM,Deadhorse,AK,Alaska
PGO,Edwards,CA,California
PGR,Fort Leonard Wood,MO,Missouri
PGS,Gustavus,AK,Alaska
PGV,King Salmon,AK,Alaska
PHD,Watertown,SD,South Dakota
PHF,Worland,WY,Wyoming
PHK,Wrightstown,NJ,New Jersey
PHL,Chadron,NE,Nebraska
PHN,Cherry Point,NC,North Carolina
PHO,Crossville,TN,Tennessee
PHP,Omaha,NE,Nebraska
PHT,Elkins,WV,West Virginia
PHX,Yankton,SD,South Dakota
PIA,Fairbanks,AK,Alaska
PIB,Alabaster,AL,Alabama
PIE,Alto,NM,New Mexico
PIH,Chanute,KS,Kansas
PIM,Columbia,SC,South Carolina
PIP,Key West,FL,Florida
PIR,Norfolk,VA,Virginia
PIT,Oak Harbor,WA,Washington
PIZ,Oregon,OR,Oregon
PJB,Pinedale,WY,Wyoming
PKA,Tucumcari,NM,New Mexico
PKB,Beatrice,NE,Nebraska
PKD,Roche Harbor,WA,Washington
PKF,Agua Caliente Springs,CA,California
PLK,Akron,CO,Colorado
PLN,Alexander City,AL,Alabama
PLR,Alpine,TX,Texas
PLY,Atchison,KS,Kansas
PMB,Bad Axe,MI,Michigan
PMD,Bedford,PA,Pennsylvania
PMH,Beeville,TX,Texas
PML,Benson,AZ,Arizona
PNC,Big Creek,ID,Idaho
PNE,Bonham,TX,Texas
PNN,Borger,TX,Texas
PNS,Breckenridge,TX,Texas
PNU,Bryan,TX,Texas
PNX,Cadillac,MI,Michigan
POB,Clinton,NC,North Carolina
POC,Conway,AR,Arkansas
POE,Danville,KY,Kentucky
POF,Detroit/Grosse Ile,MI,Michigan
POH,Dickson,TN,Tennessee
POU,Dyersburg,TN,Tennessee
POY,Eagle Lake,TX,Texas
PPA,Emigrant Gap,CA,California
PPC,Fairhope,AL,Alabama
PPF,Fayetteville,TN,Tennessee
PPM,Fort Morgan,CO,Colorado
PPV,Fort Wayne,IN,Indiana
PQI,Frankfort,IN,Indiana
PQS,Georgetown,SC,South Carolina
PRB,Gerlach,NV,Nevada
PRC,Griffith,IN,Indiana
PRO,Guntersville,AL,Alabama
PRW,Halls Crossing,UT,Utah
PRX,Hanford,CA,California
PRZ,Hannibal,MO,Missouri
PSB,Hondo,TX,Texas
PSC,Honesdale,PA,Pennsylvania
PSF,Howell,MI,Michigan
PSG,Huntington,IN,Indiana
PSK,Indiantown,FL,Florida
PSM,Jacksonville,IL,Illinois
PSN,Kemmerer,WY,Wyoming
PSP,Kendallville,IN,Indiana
PSQ,Key Largo,FL,Florida
PSX,Killeen,TX,Texas
PTA,Kremmling,CO,Colorado
PTB,La Porte,IN,Indiana
PTC,Lakewood,NJ,New Jersey
PTD,Lebanon,MO,Missouri
PTH,Lexington,NC,North Carolina
PTK,Lompoc,CA,California
PTN,Lumberton,NJ,New Jersey
PTS,Marfa,TX,Texas
PTT,Marion,IN,Indiana
PTU,Moneta,VA,Virginia
PTV,Monroe,WA,Washington
PTW,Montague,MA,Massachusetts
PUB,New Castle,PA,Pennsylvania
PUC,Norwich,NY,New York
PUL,Ocotillo Wells,CA,California
PUW,Oklahoma City,OK,Oklahoma
PVC,Orland,CA,California
PVD,Portland-Mulino,OR,Oregon
PVF,Quakertown,PA,Pennsylvania
PVL,Redding,CA,California
PVU,Rensselaer,IN,Indiana
PVW,Roanoke,TX,Texas
PWA,Robbinsville,NJ,New Jersey
PWD,Seligman,AZ,Arizona
PWK,Shamokin,PA,Pennsylvania
PWM,Shenandoah,IA,Iowa
PWR,Silver Springs,NV,Nevada
PWT,Skaneateles,NY,New York
PWY,Sterling,MA,Massachusetts
PXL,Taunton,MA,Massachusetts
PYL,Ticonderoga,NY,New York
PYM,Tifton,GA,Georgia
PYS,Timberlake,NC,North Carolina
QKA,Torrington,WY,Wyoming
RAC,Towanda,PA,Pennsylvania
RAL,Tuskegee,AL,Alabama
RAP,Two Harbors,MN,Minnesota
RBD,Vergennes,VT,Vermont
RBF,Washington,MO,Missouri
RBG,Washington,IA,Iowa
RBK,West Chester,PA,Pennsylvania
RBL,Williamson,GA,Georgia
RBW,Wilson,NC,North Carolina
RBY,Winfield / Arkansas City,KS,Kansas
RCA,Winona,MN,Minnesota
RCE,Wiscasset,ME,Maine
RCK,Worthington,MN,Minnesota
RCR,Kenmore,WA,Washington
RCT,Seattle,WA,Washington
RDB,Alamogordo,NM,New Mexico
RDD,Bluefield,WV,West Virginia
RDG,Oklahoma City,OK,Oklahoma
RDM,Panama City,FL,Florida
RDR,Spokane,WA,Washington
RDU,Universal City,TX,Texas
RDV,Alliance,NE,Nebraska
RED,Devils Lake,ND,North Dakota
REE,Glendive,MT,Montana
REO,Pendleton,OR,Oregon
RFD,Silver City,NM,New Mexico
RFG,Biloxi,MS,Mississippi
RFK,Fort Benning,GA,Georgia
RGR,Alice,TX,Texas
RHI,Baker City,OR,Oregon
RHV,Brady,TX,Texas
RIC,Fort Worth,TX,Texas
RID,New Iberia,LA,Louisiana
RIE,Russell,KS,Kansas
RIF,Wausau,WI,Wisconsin
RIL,Kalaupapa,HI,Hawaii
RIR,North Little Rock,AR,Arkansas
RIV,Skagway,AK,Alaska
RIW,Adrian,MI,Michigan
RKD,Afton,OK,Oklahoma
RKH,Americus,GA,Georgia
RKP,Apison,TN,Tennessee
RKR,Baker,CA,California
RKS,Bardstown,KY,Kentucky
RKW,Bay St Louis,MS,Mississippi
RLA,Baytown,TX,Texas
RLD,Beaumont,KS,Kansas
RME,Bedford,IN,Indiana
RMG,Berlin,NH,New Hampshire
RMP,Big Spring,TX,Texas
RMY,Bowie,MD,Maryland
RNC,Brockport,NY,New York
RND,Broken Bow,NE,Nebraska
RNH,California,MD,Maryland
RNO,Cambridge,MN,Minnesota
RNT,Camdenton,MO,Missouri
RNZ,Carthage,NC,North Carolina
ROA,Cave Junction,OR,Oregon
ROC,Chapel Hill,NC,North Carolina
ROF,Chelan,WA,Washington
ROG,Chiloquin,OR,Oregon
ROL,Chowchilla,CA,California
ROW,Cleveland,TX,Texas
ROX,Coffeyville,KS,Kansas
RPX,Columbia/Mount Pleasant,TN,Tennessee
RQO,Concrete,WA,Washington
RRL,Cotulla,TX,Texas
RRT,Crookston,MN,Minnesota
RSH,Dayton,OH,Ohio
RSJ,Delano,CA,California
RSL,Doylestown,PA,Pennsylvania
RSN,Duncan,OK,Oklahoma
RST,Dunkirk,NY,New York
RSW,Dunseith,ND,North Dakota
RSX,Durango,CO,Colorado
RTL,Effingham,IL,Illinois
RTN,Ennis,TX,Texas
RUI,Fairmont,MN,Minnesota
RUT,Falfurrias,TX,Texas
RVR,Fall River Mills,CA,California
RVS,Falls of Rough,KY,Kentucky
RWF,Farmington,MO,Missouri
RWI,Fillmore,UT,Utah
RWL,Gettysburg,PA,Pennsylvania
RXE,Glasgow,KY,Kentucky
SAA,Gold Beach,OR,Oregon
SAC,Gordonville,TX,Texas
SAD,Graham,TX,Texas
SAF,Greenville,IL,Illinois
SAN,Grove City,PA,Pennsylvania
SAR,Hamilton,TX,Texas
SAS,Hanapepe,HI,Hawaii
SAT,Henderson,TX,Texas
SAV,Hornell,NY,New York
SBA,Hugo,OK,Oklahoma
SBD,Indianapolis,IN,Indiana
SBM,Jackpot,NV,Nevada
SBN,Jerome,ID,Idaho
SBO,Kent,OH,Ohio
SBP,Keokuk,IA,Iowa
SBS,Kokomo,IN,Indiana
SBX,La Pointe,WI,Wisconsin
SBY,Lewisburg,TN,Tennessee
SCB,Lexington,NE,Nebraska
SCC,Liberty,TX,Texas
SCE,Lodi,CA,California
SCF,Meadville,PA,Pennsylvania
SCH,Medina,OH,Ohio
SCK,Menomonie,WI,Wisconsin
SCM,Midland,MI,Michigan
SDF,Monroe,MI,Michigan
SDM,Mora,MN,Minnesota
SDP,Mount Gilead,OH,Ohio
SDX,Mount Vernon,IL,Illinois
SDY,Mountain Home,ID,Idaho
SEA,Muskogee,OK,Oklahoma
SEE,Neosho,MO,Missouri
SEF,New Market,VA,Virginia
SEG,North Springfield,VT,Vermont
SEM,Old Bridge,NJ,New Jersey
SEP,Osceola,WI,Wisconsin
SER,Overton,NV,Nevada
SFB,Palestine,TX,Texas
SFF,Pauls Valley,OK,Oklahoma
SFM,Penrose,CO,Colorado
SFO,Peoria,IL,Illinois
SFZ,Peru,IL,Illinois
SGF,Piqua,OH,Ohio
SGH,Price,UT,Utah
SGR,Prineville,OR,Oregon
SGT,Quincy,FL,Florida
SGU,Rialto,CA,California
SGW,Rio Linda,CA,California
SGY,River Ranch,FL,Florida
SHD,Rock Hill,SC,South Carolina
SHG,Ruston,LA,Louisiana
SHH,San Manuel,AZ,Arizona
SHN,Santa Teresa,NM,New Mexico
SHR,Seaside,OR,Oregon
SHV,Shafter,CA,California
SHX,Simsbury,CT,Connecticut
SIK,South Haven,MI,Michigan
SIT,St Charles,MO,Missouri
SIV,Statesboro,GA,Georgia
SIY,Sweetwater,TX,Texas
SJC,Sylacauga,AL,Alabama
SJN,Three Rivers,MI,Michigan
SJT,Tulare,CA,California
SKA,Tunica,MS,Mississippi
SKF,Vandalia,IL,Illinois
SKK,Wallkill,NY,New York
SKW,Warsaw,MO,Missouri
SLB,Waupaca,WI,Wisconsin
SLC,Weatherford,OK,Oklahoma
SLE,Weedsport,NY,New York
SLG,Westport,WA,Washington
SLK,Whiteville,NC,North Carolina
SLN,Wichita,KS,Kansas
SLO,Winchester,TN,Tennessee
SLQ,Youngstown,OH,Ohio
SLR,Yuba City,CA,California
SLT,Abilene,TX,Texas
SMD,Altus,OK,Oklahoma
SME,Columbus,MS,Mississippi
SMF,Del Rio,TX,Texas
SMK,Hampton,VA,Virginia
SMN,Petersburg,AK,Alaska
SMO,Unalaska,AK,Alaska
SMU,Warner Robins,GA,Georgia
SMX,Minot,ND,North Dakota
SNA,Rapid City,SD,South Dakota
SNK,Utica,NY,New York
SNL,Havre,MT,Montana
SNP,Kingsford,MI,Michigan
SNS,Sidney,MT,Montana
SNY,Fort Bragg,NC,North Carolina
SOL,Ogden,UT,Utah
SOP,Point Mugu,CA,California
SOV,Savannah,GA,Georgia
SOW,Baudette,MN,Minnesota
SPA,Big Piney,WY,Wyoming
SPF,Childress,TX,Texas
SPG,Fort Bliss/El Paso,TX,Texas
SPI,Guymon,OK,Oklahoma
SPQ,Kaneohe,HI,Hawaii
SPS,Orangeburg,SC,South Carolina
SPW,Soldotna,AK,Alaska
SPZ,Sonora,TX,Texas
SQA,Lopez,WA,Washington
SQI,Allegan,MI,Michigan
SQL,Altus,OK,Oklahoma
SQV,American Falls,ID,Idaho
SRC,Angola,IN,Indiana
SRQ,Artesia,NM,New Mexico
SRV,Ashland,OH,Ohio
SRW,Auburn,IN,Indiana
SSC,Avon Park,FL,Florida
SSF,Bagdad,AZ,Arizona
SSI,Bay City,TX,Texas
SSW,Boone,IA,Iowa
STC,Brodnax,VA,Virginia
STE,Buckhannon,WV,West Virginia
STG,Buffalo,MN,Minnesota
STJ,Bumpass,VA,Virginia
STK,Carthage,TX,Texas
STL,Cascade,ID,Idaho
STP,Center,TX,Texas
STQ,Cincinnati,OH,Ohio
STS,Clarinda,IA,Iowa
SUA,Collegeville,PA,Pennsylvania
SUD,Colorado City,AZ,Arizona
SUE,Covelo,CA,California
SUM,Dahlonega,GA,Georgia
SUN,Decatur,AL,Alabama
SUO,Decorah,IA,Iowa
SUS,Defuniak Springs,FL,Florida
SUU,Delta,CO,Colorado
SUW,Dillon,MT,Montana
SUX,Dunsmuir,CA,California
SVA,Eldorado,TX,Texas
SVC,Elkton,MD,Maryland
SVE,Ellenville,NY,New York
SVH,Emmett,ID,Idaho
SVN,Etna,CA,California
SVS,Excelsior Springs,MO,Missouri
SVW,Factoryville,PA,Pennsylvania
SWD,Falmouth,MA,Massachusetts
SWF,Fernley,NV,Nevada
SWO,Fishers Island,NY,New York
SWW,Florence,OR,Oregon
SXP,Foley,AL,Alabama
SXQ,Forest,VA,Virginia
SXY,Freeport,IL,Illinois
SYA,Fremont,OH,Ohio
SYB,Fremont,MI,Michigan
SYI,French Lick,IN,Indiana
SYL,Geneseo,NY,New York
SYN,Grafton,ND,North Dakota
SYR,Greeneville,TN,Tennessee
SYV,Greenwood,SC,South Carolina
SZL,Harbor Springs,MI,Michigan
SZN,Hastings,NE,Nebraska
SZP,Hearne,TX,Texas
TAD,Hill City,KS,Kansas
TAL,Hillsboro,ND,North Dakota
TBC,Hinesville,GA,Georgia
TBN,Homedale,ID,Idaho
TBR,Houma,LA,Louisiana
TCC,Houston,TX,Texas
TCL,Hudson,CO,Colorado
TCM,Huntsville,AL,Alabama
TCS,Ingleside,TX,Texas
TCT,Jefferson,NC,North Carolina
TDO,Jefferson,GA,Georgia
TDW,Johnstown,NY,New York
TDZ,Kearny,AZ,Arizona
TEB,Kenton,OH,Ohio
TEH,Kingston,OK,Oklahoma
TEK,Lake Elsinore,CA,California
TEX,Lambertville,MI,Michigan
THA,Lancaster,OH,Ohio
THM,Lincoln,IL,Illinois
THP,Lincolnton,NC,North Carolina
THV,Little Falls,MN,Minnesota
TIK,Live Oak,FL,Florida
TIW,Livingston,TN,Tennessee
TIX,Lock Haven,PA,Pennsylvania
TKA,Lubbock,TX,Texas
TKE,Madison,SD,South Dakota
TKF,Madison,MS,Mississippi
TKI,Mansfield,LA,Louisiana
TKJ,Maple Lake,MN,Minnesota
TKL,Marshall,MI,Michigan
TLA,Marston Mills,MA,Massachusetts
TLF,Mason,MI,Michigan
TLH,Mattoon,IL,Illinois
TLJ,Mc Pherson,KS,Kansas
TLR,Medford,WI,Wisconsin
TLT,Middletown,NY,New York
TMA,Middletown,DE,Delaware
TMB,Monroe,GA,Georgia
TNC,Morgan,UT,Utah
TNK,Morrilton,AR,Arkansas
TNP,Morrisville,VT,Vermont
TNT,Nacogdoches,TX,Texas
TNU,Napoleon,OH,Ohio
TOA,New Holstein,WI,Wisconsin
TOC,Newberg,OR,Oregon
TOG,Newberg,OR,Oregon
TOI,Newport,NH,New Hampshire
TOL,North Wilkesboro,NC,North Carolina
TOP,Oklahoma City,OK,Oklahoma
TOR,Okmulgee,OK,Oklahoma
TPA,Okoboji,IA,Iowa
TPF,Oroville,WA,Washington
TPH,Overbrook,OK,Oklahoma
TPL,Pacific City,OR,Oregon
TRH,Paris,ID,Idaho
TRI,Parma,ID,Idaho
TRL,Payette,ID,Idaho
TRM,Pella,IA,Iowa
TRX,Perkasie,PA,Pennsylvania
TSG,Plymouth,IN,Indiana
TSM,Portland,IN,Indiana
TSP,Prairie Du Chien,WI,Wisconsin
TSS,Presidio,TX,Texas
TTD,Radnor,OH,Ohio
TTN,Rangely,CO,Colorado
TTO,Reedsville,PA,Pennsylvania
TUH,Reno,NV,Nevada
TUL,Ridgeland,SC,South Carolina
TUP,Rochelle,IL,Illinois
TUS,Santa Rosa,NM,New Mexico
TVC,Sekiu,WA,Washington
TVF,Sequim,WA,Washington
TVI,Shawnee,OK,Oklahoma
TVL,Sidney,NY,New York
TWA,Siren,WI,Wisconsin
TWD,Sixes,OR,Oregon
TWE,Slatington,PA,Pennsylvania
TWF,Sparta,IL,Illinois
TWH,Spicewood,TX,Texas
TXK,Taft,CA,California
TYE,Tallulah,LA,Louisiana
TYR,Thomson,GA,Georgia
TYS,Toughkenamon,PA,Pennsylvania
TYZ,Turlock,CA,California
TZC,Vidalia,GA,Georgia
UBS,Wahpeton,ND,North Dakota
UCC,Warren,VT,Vermont
UCE,Weiser,ID,Idaho
UCY,Weslaco,TX,Texas
UDD,West Dover,VT,Vermont
UES,Wharton,TX,Texas
UGB,Whitefield,NH,New Hampshire
UGI,Williams,AZ,Arizona
UGN,Woodlake,CA,California
UGS,Woodruff,WI,Wisconsin
UIL,Yucca Valley,CA,California
UIN,New York,NY,New York
UKI,Atlantic City,NJ,New Jersey
UKN,Alamogordo,NM,New Mexico
UKT,Bossier City,LA,Louisiana
ULM,Glendale,AZ,Arizona
UMM,Waimea (Kamuela),HI,Hawaii
UMT,Mount Clemens,MI,Michigan
UMZ,New Orleans,LA,Louisiana
UNK,Bryant,AR,Arkansas
UNU,Clarksville,VA,Virginia
UOS,Fort Carson,CO,Colorado
UOX,Grand Forks,ND,North Dakota
UPP,Hobart,OK,Oklahoma
USA,Houlton,ME,Maine
USC,Milton,FL,Florida
UST,Virginia Beach,VA,Virginia
UTM,Wilmington,OH,Ohio
UTO,Bettles,AK,Alaska
UUK,Brookings,SD,South Dakota
UVA,Wahiawa,HI,Hawaii
UWA,Lajitas,TX,Texas
VAD,Seldovia,AK,Alaska
VAK,Stanley,ID,Idaho
VBG,Accident,MD,Maryland
VCT,Albert Lea,MN,Minnesota
VCV,Alma,MI,Michigan
VDI,Andover,NJ,New Jersey
VDZ,Andrews,TX,Texas
VEE,Ashland,WI,Wisconsin
VEL,Bainbridge,GA,Georgia
VEX,Beatty,NV,Nevada
VGT,Beaver,UT,Utah
VHN,Belen,NM,New Mexico
VIH,Big Lake,AK,Alaska
VIS,Big Lake,TX,Texas
VJI,Blackstone,VA,Virginia
VKS,Blaine,WA,Washington
VLA,Blanding,UT,Utah
VLD,Bloomsburg,PA,Pennsylvania
VLE,Borrego Springs,CA,California
VNC,Boyceville,WI,Wisconsin
VNY,Brookfield,MO,Missouri
VOK,Bucyrus,OH,Ohio
VPS,Bullfrog,UT,Utah
VPZ,Bullhead City,AZ,Arizona
VQQ,Burlington,CO,Colorado
VRB,Cadiz,OH,Ohio
VRS,Cambridge,OH,Ohio
VSF,Casselton,ND,North Dakota
VTN,Cedarville,CA,California
VYS,Centre,AL,Alabama
WAA,Cheraw,SC,South Carolina
WAH,Chillicothe,OH,Ohio
WAL,Claremore,OK,Oklahoma
WAY,Clarion,PA,Pennsylvania
WBB,Clarksville,TN,Tennessee
WBK,Cleveland,MS,Mississippi
WBQ,Clinton,OK,Oklahoma
WBR,Columbus,TX,Texas
WBU,Coolin,ID,Idaho
WBW,Cordele,GA,Georgia
WCR,Corinth,MS,Mississippi
WDG,Corning,CA,California
WDN,Cottage Grove,OR,Oregon
WDR,Crisfield,MD,Maryland
WEA,Crockett,TX,Texas
WFB,Cumberland,WI,Wisconsin
WFK,Danielson,CT,Connecticut
WGO,Delavan,WI,Wisconsin
WHD,Dennison,MN,Minnesota
WHP,Dixon,IL,Illinois
WHT,Douglas,WY,Wyoming
WIB,Dumas,TX,Texas
WJF,Dutch John,UT,Utah
WKK,Eagle River,WI,Wisconsin
WKL,Eastport,ME,Maine
WLD,El Paso,TX,Texas
WLK,Elberton,GA,Georgia
WLR,Eldon,MO,Missouri
WLW,Elkin,NC,North Carolina
WMC,Elmore,AL,Alabama
WMH,Endicott,NY,New York
WMK,Escalante,UT,Utah
WMO,Eureka,CA,California
WNA,Fairmont,WV,West Virginia
WOW,Fallon,NV,Nevada
WPO,Flemingsburg,KY,Kentucky
WRB,Fortuna,CA,California
WRG,Frederick,OK,Oklahoma
WRI,Friendly,MD,Maryland
WRL,Galion,OH,Ohio
WSB,Gallatin,TN,Tennessee
WSF,Gallipolis,OH,Ohio
WSG,Garberville,CA,California
WSH,Garden Valley,ID,Idaho
WSM,Garnett,KS,Kansas
WSN,Geneva,AL,Alabama
WST,Gladys,VA,Virginia
WSX,Granby,CO,Colorado
WTK,Grand Haven,MI,Michigan
WTL,Grangeville,ID,Idaho
WTR,Grayslake,IL,Illinois
WVI,Greensburg,IN,Indiana
WVL,Greenville,ME,Maine
WWA,Grove,OK,Oklahoma
WWD,Hamilton,MT,Montana
WWP,Hubbard,OR,Oregon
WWR,Huntingburg,IN,Indiana
WWT,Huntington,UT,Utah
WYB,Independence,CA,California
WYS,Indian Creek,ID,Idaho
XES,Ionia,MI,Michigan
XMD,Jacksboro,TN,Tennessee
XNA,Jackson,OH,Ohio
XPR,Jasper,AL,Alabama
XSD,Joliet,IL,Illinois
XWA,Kenansville,NC,North Carolina
YAK,Lacon,IL,Illinois
YIP,Langley,WA,Washington
YKM,Laurel,MT,Montana
YKN,Limon,CO,Colorado
YNG,Lynchburg,VA,Virginia
YUM,Mad River,CA,California
ZNC,Malta,MT,Montana
ZPH,Marshall,TX,Texas
ZZV,Mc Minnville,TN,Tennessee